"V1","V2","V3","V4","V5","V6","V7","V8","V9","V10","V11","V12","V13","V14","V15","V16","V17","V18","V19","V20","V21","V22","V23","V24","V25","V26","V27","V28","V29","V30","V31","V32","V33","V34","V35","V36"
0.00173220976996,0.00320783472924,0.00518698718872,0.0537035812149,0.169809487944,0.0496196134301,0.0388033543709,0.0273206430176,0.000159558322305,-3.89892360657e-05,0.000350196721962,0.000600426742702,-0.000125677783528,0.000666036674097,-1.68061804083e-05,6.28052445439e-05,0.0107422620891,0.00253022138246,0.00715081982488,0.000767991465352,0.000313548669173,4.43958604387e-05,0.00033439941014,0.000114146510137,-0.000140952295571,0.000334858144454,0.00392628181609,7.77957718577e-05,0.000297086033579,-0.000103913972971,0.00944456109508,0.0120676080281,0.00564487796875,0.000142480566822,0.00184599060441,0.182759070356
-0.000309042440248,0.0106687278738,0.000392384456943,-0.000293387307879,-2.18805356175e-05,-1.65408633393e-05,0.133935326266,-0.000397246791106,-1.82697261287e-05,-0.000187289546786,0.00030774028593,-0.000149113387518,-0.000376709721554,-1.76541948809e-05,0.000319182958951,-2.78114406376e-05,-0.000515463065016,0.000264431807098,0.0648654930984,0.000226724848133,-0.000129080114107,0.000149271913475,0.000142335234098,0.141971300708,0.017500882878,0.00023310057934,-2.44693903233e-06,8.17452813218e-05,2.90313769674e-05,-0.000527497301735,2.53457485486e-05,0.0521758683416,0.050403971127,-0.000472596771812,0.123814504872,0.00010805795858
0.0535163387455,0.0620672461449,0.0158093868731,0.0311508569059,0.0427005367314,0.128820463902,0.0402604107325,0.0675448270107,0.0154240924743,-3.59009875693e-05,-3.81624679769e-05,0.00223529453999,0.114290559807,7.98664979794e-06,0.00811533173476,0.000756177562897,0.00984404097739,0.0177177431274,0.126475306394,0.0128758888012,0.0177513740507,0.000160856484799,0.0101460991189,0.0983342918366,0.0029058947026,0.00489801237299,0.000234314964476,0.0643387655702,0.000126416569155,0.00461588260605,0.0897707220211,0.00931057384437,0.0327024141408,0.0964469785281,0.120063665666,0.00532031859675
0.0304937934306,0.0839347643375,0.055182564774,0.0345197530062,0.178799253635,0.106517064361,0.0899300860641,0.0305878373071,0.015614049806,-0.000172392065785,0.037702453388,0.000980766088692,0.0843991177733,-0.000162333666141,6.10866528408e-05,0.0272362242274,0.000487236755437,0.0121406720985,0.112379873603,-0.000213333951499,0.0285376161684,9.03846553222e-05,0.000879643948859,0.0103561491308,-0.000524736780747,-0.000189678696133,0.000867319989541,0.0513779615536,-0.000380066821073,-0.000103415990752,0.0295603050378,0.000692240505869,0.00076134614158,0.0234119880602,0.00707386831712,0.000396349126064
-0.000331734987513,-0.00046196932654,0.000224484342155,-6.42363302942e-05,0.000113606433615,0.0133531384304,-0.000182323924532,-0.000322247159053,-0.000357669372012,-0.000117449467637,2.00485214242e-05,-0.000250737831478,-0.000306820687899,-0.000127471334,-0.00038062607257,1.71954123502e-05,0.0858254434468,-3.01999740115e-05,0.00636077242313,2.75915785689e-05,0.0084182160439,-0.000202064021525,0.000220377218837,-0.000199728124677,-5.93778040049e-05,-0.000312269903147,-2.18086144633e-05,0.130030117873,5.84014947377e-05,-0.000146185174769,-0.000160658709357,-6.72441634286e-05,-0.000118629458841,-0.000133962793525,0.061717356954,-0.000425179177737
0.00593532546481,0.0106608004642,0.0745233860419,0.0146848740344,0.0433260409444,0.142390700247,0.0235363292326,0.00621004701527,0.000117831912865,6.89919356745e-05,-7.1014986629e-05,8.64764173406e-05,-0.000414876922121,-0.000125366326278,8.76705812318e-05,0.000232449190852,6.69450682041e-05,0.000116787861672,-0.00108147306346,-0.000196606422269,-9.04283274784e-05,7.58069236932e-05,-5.9010974749e-05,0.0489224816421,0.0493888635081,-4.20440857299e-05,0.000171564242211,-8.16609792628e-05,-0.00015169177752,7.55036792696e-05,-0.000112636464213,0.000212990018917,0.000121005061321,0.0903637936144,-2.32724009578e-05,-0.00032760178703
0.00381080241,0.0561028145303,0.0116365919208,0.227508271317,0.0966645697265,0.123362630805,0.064847576688,0.0702925815494,-1.24002519672e-05,-0.000216476608216,0.0800768099533,0.00603572158768,0.00414488095138,-0.000257140374201,-0.000150791158261,6.04557279362e-05,0.00648856579645,0.000133394144251,0.000648281863657,-7.71536682817e-05,0.000157399097748,0.0248250823384,-0.000439129635847,0.00218187975099,1.30411252522e-05,0.000491935431207,0.0223709864433,0.137125093222,0.0175734316566,0.0181471814809,-0.000766667012787,0.000254749399014,-9.01753658678e-05,-0.0012022331211,0.00730919348868,4.8533087865e-05
0.000292603607742,0.000138595381778,-0.000103423670587,-2.23842293226e-06,1.05247204461e-05,0.000138313933853,-6.40640980576e-05,0.00782371973045,-0.0002627459048,0.000195186031221,0.000267198944391,0.000181402304994,0.000195445271162,-0.000474610879672,0.0111728743506,1.12525625275e-05,9.89310584359e-05,0.000117807879663,0.00024318408739,-0.000132854740836,0.000861977409093,8.09414046473e-07,0.000153008401807,0.000275951101359,0.000308143130276,0.000174873786211,7.74471037987e-05,0.000106859395363,0.000238176730397,0.00407151804638,0.000243435378823,0.000203490440495,0.000219328918318,0.000196974556457,0.0855199488123,0.000153256726394
0.124267537118,0.00443210968929,0.00515518977097,0.00502537012724,0.0062881634888,0.146352908886,0.00522326100543,0.00916267383761,-0.000178714996426,-0.000384935487209,0.00012152574875,4.74109693589e-05,0.0220302848142,-0.000224564049542,-0.000127234286215,-0.000171621813464,-0.000329334214359,-0.000545036274426,0.00768917436088,-0.000299638422806,-0.00088666135336,0.000243453904413,-1.80015407398e-06,0.0946434271546,4.05076974831e-05,-0.000527520009941,4.82200896754e-05,0.00990756221286,-5.1522234977e-05,-0.000121487791021,0.00763462067081,7.50556375561e-06,-0.00045642453924,0.0063269990774,0.0957592366291,0.000131926151329
-0.000170644475343,0.0956126678893,0.000118760157209,-7.28712230419e-05,8.42823046089e-05,0.105745188089,0.0178549756439,0.000230951643418,0.000144224302784,-5.43908672997e-05,0.000302564570854,9.54157219834e-05,-0.000158065385763,0.000414944970327,-7.37736731121e-05,7.22857489362e-05,5.33507393868e-05,-2.20058472659e-06,2.62584187233e-05,0.000398609023242,-0.000278650212386,7.18541420297e-05,7.14189004661e-05,0.000582127089618,0.000401870440896,-0.000179648812772,0.000109789306415,-0.000754584915114,6.63517279723e-05,0.000307385633949,-8.66742242586e-05,0.000222671746251,0.000329569036969,0.148797920483,-0.000107830444977,0.000214006148461
6.57923387115e-05,0.000114602576569,0.000144039125818,8.96474899637e-05,-0.000143051568736,0.093858364029,1.0300452385e-05,0.000133414165573,0.000238956063414,-9.76226462377e-05,3.17152376247e-05,0.000239799208662,0.085952433059,2.26793326932e-05,0.000254155958861,0.000141616880531,-0.000120731002799,-0.000145468579505,0.119611205602,0.000352601166119,0.000245015435696,-0.000124508892243,3.64733698079e-05,0.120366264907,-0.000135123591981,5.41516922395e-05,-8.32279850267e-06,0.140469861085,0.000370205426826,0.000246020384808,0.10812560089,0.000192174093299,0.000196732681763,0.0986677560214,0.0990523772073,0.00926258707827
0.0418375731864,-0.0010631855359,0.0511256245074,0.0973682040857,-0.000446147007013,0.057783650838,0.0682090226333,-0.000155794643709,-0.000368130149485,0.00278947360655,-0.000170472236155,-0.000355082075051,0.0560780361211,-0.00012772470701,-0.000852694540031,0.000269035388647,-0.000407746240702,-0.000326717952287,-0.000426586562078,-0.000241513376601,-0.000890898036192,-0.000556330578181,-0.000398552737985,0.136683897737,0.0109385828069,-0.000379988511855,0.000125535463818,0.174969114124,0.10124648822,-0.000452921132204,-0.000231694063272,-0.000246996594054,-0.000128696630146,-0.000421751042673,-5.82543798744e-05,-0.000247298292902
0.00752019534959,0.0037575674566,0.0175938260199,-0.000371194516049,0.0377428627309,0.120875120714,0.101622624343,0.0451322626939,-0.000421535895583,0.000221627335421,-0.000411499176727,-0.000324188064609,0.000556671148224,0.000119305532287,-0.00052397545483,-0.000282361961469,-0.000279487300805,0.000297840737898,0.00035119368769,-0.000866635301343,-0.000541839811026,-0.000282294710355,0.0441978061798,0.0168071685077,0.0476335054592,0.0156055592071,0.000645417362157,0.00623969521666,-0.000447595082595,-4.17873670539e-05,0.0419257489237,0.000123628004997,-0.000896702519461,0.00744703481249,0.00156986363407,-0.000747028797367
0.000126762309113,0.0193877188927,-9.81836738236e-05,-0.000372371413647,5.83938419525e-05,0.000183166329443,6.58475320123e-05,0.000266104128864,0.0383781243542,0.000417536642905,-0.00020867213818,7.38375613821e-05,0.0331176071696,-0.000183207301826,0.0145734452211,0.0241053298304,0.0473285383263,0.0251737621093,0.0842215972001,0.0330406679431,0.0292687301115,3.87246354499e-05,-1.43809211163e-05,3.73990500252e-05,0.00026396623225,0.000235956422056,-0.00023919637191,-0.000101278436049,0.000163440565056,0.000282191551335,8.83687424376e-05,-3.76626794857e-05,-0.000150424727073,0.00661701181876,0.048008922182,0.000409660958129
-0.000428535156194,0.0175973766165,-0.0003248235021,-0.00011153317507,0.0183988639973,0.144326658004,-8.55142904286e-05,0.024425291898,-0.00032682032293,-0.000636367639261,-0.00101481271807,0.00143836585359,0.169972979234,-0.000364236842065,0.000247165633773,-6.63358846979e-05,-0.000415995476594,0.00131031659535,0.031338577529,-7.41673190041e-05,5.71473102966e-05,0.000130370529385,0.00117916956958,0.050592146582,0.0177299386176,-3.55129146955e-05,0.00879350245028,0.0681893817242,0.014850433311,0.0134111162619,0.074261373775,-5.71794291006e-05,0.00411659492249,0.0476851968275,0.04736932768,-0.000467847698036
0.000200224275075,0.00030095108253,0.00018581131188,-7.87480241434e-06,-0.000173167933508,0.0249991440848,6.10648640069e-05,-8.04872050453e-05,-0.000122019637966,-6.6784579809e-05,-7.47750373939e-05,-0.000135873022206,0.120459364526,3.683608848e-05,-1.06101732523e-05,-0.000204933593414,0.000110341721087,0.14016808245,0.0268103922382,0.000130542128435,-0.000128732213591,-0.000377178731054,0.000209493550516,0.034622690688,9.28501769351e-05,2.28940813292e-05,0.0249612449032,0.0146450330077,-6.80691658963e-05,0.000498062232891,0.0499523807766,0.0603066326546,2.8467460081e-05,0.0287833527295,0.0204989019492,-2.38455268128e-05
0.000245210066614,0.000316132375658,0.000641892232588,0.000289886885725,7.41034220603e-05,0.17408001281,0.0671278407855,9.27353315181e-06,0.00063695241535,-0.000164779725115,0.000130011521171,-6.78046346976e-05,0.0125100708808,-1.8725057281e-05,1.42928145121e-05,0.000273356291192,0.000196099407519,-5.85463462693e-05,0.0359989815631,0.000484150289721,6.89205918499e-05,3.31498706778e-05,-2.49250404593e-05,0.00600939236851,0.000408712402088,-0.000184750316063,-0.000135289732973,0.01597656086,0.000104148203335,0.000139519613694,0.00427893317291,-0.000203119277735,6.10335674897e-05,-0.000850880283213,0.00493597199211,-0.000107931166587
0.000557816870508,0.000485099498038,0.000449177671127,0.00035750433556,0.000441855011785,0.00685935874318,0.000315673193799,0.000571288278245,9.03468412025e-05,0.000137096705186,0.000188001225297,0.000300514897683,0.00063176891896,0.000531944064762,0.00024609642252,0.000298768157371,0.000186620760594,3.40993129455e-05,0.000482695041172,0.000823511767028,-8.80596664857e-05,6.33899805783e-05,-0.000238842120888,0.000345749006606,-6.37315791673e-05,0.000119182580024,-0.000204290387771,0.000243883487622,0.0663763417098,0.000239913977134,0.000337569136018,0.000447923333471,0.000741202943013,0.000588171110443,0.000678862177816,2.36738716216e-05
0.0424882648455,0.0297065358342,0.0346264610971,0.0659785867394,0.0423781170079,0.0497195764928,0.0370204461435,0.0493497734499,-0.000159638998969,7.29439046741e-06,-0.000490430876627,0.0420123004486,0.000290494791677,0.000903335680883,7.24235959245e-05,-0.000219117822533,-0.000307476951669,0.0412812223164,-3.97456730479e-05,-0.0004174677614,-8.82457987402e-05,-0.000429969921799,0.000292718668684,0.117021726568,-0.000321805455391,-0.000355224213019,-0.000782104308003,-0.000306981041666,7.39917099554e-05,0.000178977938682,5.94551698445e-06,0.0285029593831,0.169131525715,0.106278064687,0.0709743148985,-7.02299784899e-05
-0.000867105131042,-0.00111103418301,-0.000690977330175,4.96757472941e-05,0.0214842751279,0.155573834494,0.00312339079733,0.0509473694892,3.20981090962e-05,-2.32076517292e-05,0.000144306886304,0.000371616221065,0.0645547063035,0.000225957775493,-2.2610952399e-05,0.000247601659328,0.000306337829475,0.000447896220857,0.084643685621,0.000305380912331,0.000577046124648,0.000322166846951,0.000514910060442,0.126395551742,0.000258621839523,-4.01925987692e-05,0.000134011721246,0.0301457926416,0.000317544123853,-0.000206859664167,0.107051615206,0.00437541988882,-0.000180604151726,0.0990468785865,0.0673040372356,-5.44708821382e-05
0.0159105401272,0.0139412151451,0.054670877776,0.0450178929475,0.0356915992533,0.136562932398,0.0743957726428,-0.000228465849905,-0.000187398897672,-0.000476215421937,0.0102475934362,-0.000362934539354,0.109556386068,-0.000312260082956,1.12473929578e-06,0.000302433172141,-6.23161192301e-05,7.12703610204e-05,0.100279219143,-4.71685228568e-05,-0.000546621655586,1.01300257489e-05,-0.000449821672846,0.263256618291,0.000207553376127,-0.00018683530347,0.000506027182418,0.112016444391,5.6151661735e-05,-0.000396479786853,0.120073890095,0.000598296897194,-0.000175822823206,0.181958404665,0.0356346439197,-0.000110401969052
0.031690532239,0.0426899766838,0.0348802779618,0.0364989974516,0.0217811251246,0.0711766022874,0.027910353609,0.0377915883674,-0.00018648706207,-7.3267527922e-05,-0.000157866761392,-0.000130752995706,0.0735501794082,0.00296876253815,0.000169815853462,-7.07601857496e-05,-0.000255788138203,-0.000108972612083,0.0415654675827,-0.000380968483523,0.000111119012115,-0.000247033262329,-0.000166002876556,0.0611192034163,-5.43829026008e-05,0.00308172295429,-2.21643263271e-05,0.0447450154225,0.000100295983304,0.00307498061488,0.134481558165,0.0183275287353,0.000102165439783,0.0492487450139,0.0851582471485,0.0159746505376
-3.62000659596e-05,0.053972103707,-8.96337686577e-05,-0.000512656936045,-0.000266616312736,0.0276168145475,-1.33941456333e-05,-0.000392784486372,0.012231384731,-4.78943515664e-05,-8.92468693959e-05,-0.00042044085645,0.0156029787406,0.000287739806969,-6.87746077062e-05,0.0160387216348,0.0105091524989,0.0296788087678,0.0208398463744,0.0233985382732,0.013159081923,-0.000276864274414,5.24382610234e-05,0.0180882899558,0.000166681539061,6.49838203108e-05,-0.000767412790743,0.023127717671,0.00027635749152,0.000250001441179,0.0291421803863,-0.000323949841396,-0.00055205031557,0.0208409060575,0.0278260245291,0.0195767315039
-5.7446348415e-05,0.00627674597642,0.0357921310909,-1.97124884179e-05,0.035129882773,0.0456547011753,-0.000285270855058,0.00177169665828,0.000278442463821,0.00470001365656,-9.11861874747e-05,-0.000163784505447,0.0763149272919,-0.000190498991108,0.00130686691583,0.00692735020487,-0.000297463502708,0.000144461360728,0.0213494505104,0.000193950032801,-0.000202848805126,0.00677765513194,0.0461672605144,0.0767937439286,0.00541344705497,0.0597804042631,7.13751203221e-05,0.00993871407633,4.18629640513e-05,0.00108739242611,0.0347031500569,-1.48522746088e-05,0.196666243364,0.00659517916792,0.566818955734,0.0013008203945
0.00107711492776,0.0277186364059,0.00124217643308,0.00432509031539,0.135150235887,0.0918554661066,0.0013362476994,0.0228926584982,-0.000209465492264,3.54153531223e-05,-0.000411829270444,-0.000268702260337,0.0181141703775,-4.53788629798e-05,2.56296214915e-05,-0.000482419442157,-2.17876789143e-05,-0.000164319254948,0.0453388058351,-0.000362200653003,-0.00026891614427,-0.000566221581019,0.000362792574014,0.0308041311831,0.00047979019816,6.94927766941e-05,-0.000452911973353,0.0193969338692,-4.21750834742e-05,-0.000186911946036,0.00823630853476,-0.000533595456009,-0.000369478010778,0.0158108798671,0.0304085583713,-0.000274101236741
-0.000260926939979,0.0232845775216,-0.000278577890102,-0.00021758116607,-0.000541412970202,0.0736995026515,-4.03378872241e-05,0.0084673787834,-0.000290520199557,-0.000313272958698,-0.000319183252217,-0.00055739194991,0.0728589095318,-0.000479399905595,0.0486901156688,0.060820273396,3.46069378416e-05,0.053470045761,0.234940954541,3.90589002954e-05,0.00844701032887,5.73229974029e-05,0.000456833536337,0.000297863496145,-0.000196801662041,0.00707932375685,-0.000199056910157,0.00400064440475,-0.000208663944367,0.00385039180826,-0.000295129291895,-7.37962260569e-05,0.00376133737478,-0.00045793829382,0.00776559080387,0.0109962562546
-0.000883830428877,0.123360790071,0.0355404551006,0.063053644165,0.0263498982952,0.206816348473,0.0667168967213,0.0363706830843,0.000178887458803,0.000263769985737,0.000278388765422,0.000322076232582,0.0204161338472,-0.000149185120083,0.000213538162044,-0.000176869835065,-9.73705999029e-05,8.05778013503e-05,0.0149510974862,6.50795681702e-05,-0.000145053591177,-9.45015934821e-05,9.90768497381e-05,0.0590304608315,-7.55177561192e-06,3.49372694085e-05,0.000307234453678,0.0786466589148,0.000114837458613,-3.94912727187e-05,0.00513180115311,4.02073617796e-05,0.00029691833919,-0.000523846220033,0.000160261908124,0.000294078561798
0.0112743243918,0.0166086627433,0.0128210165519,0.0201609855325,0.0645916916583,0.0195432707506,0.060872371586,0.0161468051104,3.66636355187e-05,-0.00013035040396,-8.01375657778e-05,0.00014352712549,0.000454231881517,-0.000228340337265,-5.28098898681e-05,0.00710714137875,0.0277128506735,0.0442064316793,0.0334407512962,0.0479159968147,0.00274180996346,5.45650889806e-05,1.75316848173e-06,0.148385285312,6.91386844858e-05,-0.000158454326053,0.0158235967437,0.0271544488772,0.0210898359231,0.000159268181722,0.0583253411801,0.00723298176872,-7.32986079519e-05,0.0997672744717,-0.000861777453713,0.0315107238621
-0.00014638201302,0.110537215802,0.106059204117,-0.0001589146206,0.110689349278,0.0473946496118,-0.000181914059983,0.0521281669509,0.00479088376896,0.00107391014449,-9.86473660471e-05,0.00264344173481,0.0855589986814,-0.000268261381987,6.77670544859e-05,0.0397553345608,-0.000635832144023,0.00424819570923,0.171049101984,-6.23961134588e-05,0.015953151216,0.023890075862,0.106115904948,0.00765527525942,-0.000343430486109,0.0166866764948,0.00253404779099,-8.21869178411e-05,-0.000235176337322,-8.51536812862e-05,0.0115057063349,0.00509963330708,0.0308363807985,0.000218593800189,0.0702186052331,0.0105186444078
0.0238842755651,0.00914574223419,0.000124976113943,-0.000107154944566,9.9474493695e-05,0.0151747530863,0.000511585087659,0.000699815937953,0.079979811527,-0.000254756028645,2.65246924947e-05,0.000191040695564,0.0341802613255,2.31352345544e-07,8.94585352446e-05,0.0229276917738,0.00343308459984,0.000182027047184,0.0224897617204,0.00346714301132,0.056611618685,0.000194947551501,0.000288606312952,0.0178560478389,8.93776544094e-05,9.65312758451e-05,1.97627207913e-05,0.000572320229937,0.000246808094788,0.000784351304301,0.00782886892144,0.000175395501501,0.000386483436905,-0.000755473039457,0.0182991601261,0.00062790419618
0.0538666816991,0.178826339648,0.0199409373351,0.0206672181594,0.104851315869,0.17964147579,0.125285556708,0.20945906696,0.000136981469805,-0.00013141082307,0.000190560106829,0.0194767171041,-0.000488614553968,-6.55801583883e-05,-8.07319348391e-05,-0.000140050332321,0.000617559617537,-0.000704907178344,0.000388574251679,-0.000143887045388,0.000771194346838,-0.000286863670044,0.000102018313963,0.0287492262124,0.052019051411,-0.000617094625383,-0.000270102344686,-1.47495813379e-05,-0.000107636444732,-0.000412182453554,0.0201358581848,0.0342174555327,-0.000207044744448,0.000605980770781,8.26994621678e-05,-0.000319299622295
0.00235562451864,0.000775239360559,0.00319805802056,0.0285549296176,0.00445263596372,0.0448604269715,0.00149855826912,0.010769216428,-0.000292201274797,-8.14887427227e-05,-0.000270541164004,-0.000434974371788,0.000225429908131,0.000145362653773,-0.000179209666126,-2.54418377671e-05,0.000430681623484,0.00828552235567,-0.000287243990909,-0.000221463619758,-0.000130842308474,0.000155539018197,-0.000480257081742,6.63466584028e-05,-0.000107797557407,-0.00060943801816,-0.00020151086724,0.0470054591591,-0.000284747631006,6.45174170886e-06,0.000177427820733,-9.55983071791e-05,-0.000894392622008,0.000540629646884,0.00100268393395,0.000111770499454
0.000383281913137,-7.40657555445e-05,1.34057172799e-05,0.0906580764264,0.0367628094422,0.0214966076178,-0.000107494585443,-0.000507736975019,2.8506419507e-06,-0.000119532966795,0.025686981616,0.0105211696678,0.00595875730534,6.65374227563e-05,-7.55088408545e-05,3.31218214456e-05,0.0253564914013,0.00995624014454,0.00210933826368,-0.000144253671071,0.000159326343242,0.0199814030148,0.0106072903437,0.00269896351382,0.000124039145642,-6.32702173212e-05,0.0616390970274,0.103350966706,0.0427966674124,-0.000125025818152,0.0111560726085,0.0116894492286,0.010364218061,-0.000510563678087,-0.000275221574198,0.000259280599838
-0.000206415482807,-0.000161057708415,0.000695750162969,0.00018094267771,0.0158168031487,0.0443352254975,0.000202346450011,0.000431018516746,0.0765952153991,0.0003441783098,-0.000173483060331,0.184849915,0.0424501532941,9.45361925829e-05,-0.00021681596431,-0.000268254507143,0.000291293894438,-0.000329779545676,0.0454486806565,4.48106291211e-05,-1.06043654181e-05,-0.000486856423973,0.000688707442419,0.00683153674065,0.000354002121738,0.000209816568967,0.0533459321127,0.000167969614437,-0.000163661368526,-0.000407966757576,0.0578207786186,0.000191528953816,0.000368175972519,-0.000557643651082,3.56271125555e-05,6.84623273111e-05
-0.000617035442344,0.0261162524717,5.63258108658e-05,-0.000203536826221,0.000296137013587,0.0174690712025,0.000141157620002,-0.000377313420789,0.000533866918728,-0.000753811291993,7.02946546645e-05,-0.000409556276394,0.00489940271476,-0.000203553707034,0.000245736329565,0.000399450554777,0.0138063367242,0.00878303529349,0.0289481690461,0.0148000575813,0.000596072869498,-0.000189827160602,-0.000447636991807,0.00505241897216,-0.000350608713468,-2.83169630839e-05,-8.10883688888e-05,0.114979335821,-0.000109899309883,0.000275411316943,0.00428793528163,-8.34745728353e-05,-0.000193330608847,0.100617169388,0.0715974001575,-7.8373917047e-05
0.0888591424887,0.062196137327,0.0583915099114,0.0199901480032,0.185541874035,0.081931282764,0.0358478197706,0.0522766947789,-0.000241881745179,4.16139410236e-05,-0.000389693494002,0.00234352587491,0.0196850725456,-0.000149046035454,-0.000630988223256,-0.000310586691125,-0.000242447906339,0.00598166245705,0.0177988481271,-0.000515436967527,-0.000206293419449,-0.000149135723549,0.00621999873267,0.0757961241698,-0.00017290281667,-0.000205680086356,0.00640083661526,0.00602641182332,-0.000394114582109,-0.000162878095296,0.00776651507717,0.00606689950332,0.0062214355153,0.00188258685381,0.0025816268349,-0.000198202197158
-0.000537763500239,-8.61760062011e-05,-0.000519905269246,-0.000178037795322,0.217012559626,0.0127687595593,0.00427612690119,-0.000255229695832,0.000166141156285,-6.07063684705e-05,1.39992870896e-05,0.101973018713,0.000319231989627,0.000137763124649,0.000458408044843,0.000234712161594,0.000808997002047,0.0790653410622,0.000395779400007,0.000444208333899,0.000277499709069,6.49473360125e-05,0.000371527636235,0.000257957584592,-0.00030541146658,0.000329989817859,0.0869725699614,0.00032610388773,0.0118082467727,-1.57596140796e-05,0.000253474549784,0.17561992527,5.23061503088e-05,4.28908902603e-05,0.000243926508368,0.000147969953201
6.02033417577e-05,0.000123567843643,-0.000418317404255,-0.000165873639565,-0.000178399639154,0.0517757675226,-0.000249747137439,0.0520586978661,0.000303734496459,0.000215674111502,-0.000935555243219,-0.000244881781264,0.0462467362165,0.000147744206842,0.0120635385572,-0.000665753644834,-0.000288669221737,-0.000380164637619,0.0182391175123,-0.000255292303581,0.00228165193834,-0.0026963000641,-0.000356102087915,0.0532110564122,0.000182201946469,-0.000591618385282,-0.000220626797683,0.0176814862567,0.000154528634854,0.00665551424352,0.0163116860451,-1.16407214804e-05,-0.000177614446227,0.0214877513879,0.0811570898904,-0.000312074587247
0.0401394220266,0.00139976819644,0.010485315949,0.0618949928625,0.059144710011,0.1886025355,0.0143867791232,0.00200843224041,0.000638519050095,-0.000197409685035,-0.000261579809885,0.000301452225962,0.0356181132787,-6.55816354201e-05,-3.22884113745e-05,0.000262346525497,-3.62561231883e-05,0.000296607889845,0.0526833289527,0.00048900893219,0.000425773305023,0.00019537886751,0.000189076057173,0.0674058633317,0.000131262063038,6.73807657779e-05,0.000102259872843,0.061560338836,-8.63840082204e-06,-2.03385923659e-05,0.0579138708266,0.000422579698661,8.86637757889e-05,0.156011773564,0.0729743259065,0.000234017102631
-8.2379516055e-05,5.93002931031e-05,3.3316521287e-05,8.67926703355e-05,9.60792354524e-05,0.079534106706,0.00054122362567,0.0335697597469,0.000255381202223,-0.000298169301934,-0.000259645377512,-0.000451409280212,0.0801984906288,-0.000194973679891,2.72605180508e-05,-9.54234690859e-05,6.83546988873e-05,0.000312126177449,0.000168224784084,-0.000147328808505,0.000171289036327,0.00132735999653,0.0083846034036,0.133072037563,-4.10317082728e-05,0.00226822400312,0.0150479557536,0.0958212587538,-0.000100435268482,0.000302884774976,0.0365963141558,-0.000174309160166,-0.000149675440421,0.0358177635263,0.0360960932502,0.000369885515093
0.139410119741,0.038369231212,0.0517335379089,-0.000491744528242,0.0642996848092,0.0337963682448,-0.000501696075073,-0.000435198725318,-0.000185921395305,0.0275311028095,0.0727705160777,-0.00031589780328,0.0316239765431,0.0209739181151,-0.000924932604289,0.0323083331319,0.000241274651148,0.00823491266611,0.00810880452869,0.000346341622996,-6.23403647967e-05,0.00853968056731,0.0469733454761,0.101482077093,0.00654594546464,0.0410670901182,-0.000266187450418,0.0259799102435,0.000162088072996,-2.5417846201e-05,0.0890501428439,-0.000144884945762,0.0552020509852,0.00684253737476,0.006763588239,-0.00033750763736
0.0919385300347,0.0587150229975,0.0525503558675,0.238495322885,0.0853205357889,0.133958139623,0.053245161292,0.0481624306852,5.44678297026e-05,0.0378831685847,2.03124651287e-05,0.029883472288,-0.000122046224961,-0.000279434694404,-3.34223354818e-05,2.90158133858e-05,0.000294286012334,0.00923832523566,0.000237519664781,0.000300733075953,-8.82399550944e-06,-0.000104442175067,0.0186268582914,0.0313552443486,0.000105695873423,-2.3469624817e-05,-0.000199795476264,0.0266032788193,5.90545014474e-05,0.000270096927281,0.0157239213647,-2.63545491989e-05,0.000281010695426,0.0301875661935,0.0698567582488,1.59142838533e-05
0.000187745842829,0.030288808439,-0.000300118730588,0.000154280961067,-0.000276938134335,0.0143113878143,0.000124608778942,0.00417851759854,0.023360413292,-0.000137389487804,-0.000308083265286,-0.000183487201879,0.0180304213004,0.000152307294303,0.0179711249275,0.0209640443987,0.0144948835813,0.00683951804134,0.0128174327499,0.00506029096153,0.0238448948782,9.54984404551e-05,-5.83013044952e-05,-0.000300143725322,0.000293084655234,-0.000600782576013,-0.000137281264009,-0.000130153030963,-0.000256899349546,0.0068647279738,-3.47561289845e-05,0.109326822173,-0.000975529332938,0.00248545466924,0.0498688902567,0.00647508441712
-4.75676755742e-05,-0.000606160580824,0.00702428060987,0.0339487874811,0.0246585336808,0.0413152209025,-0.000519737799763,-0.000852460131961,9.86435714355e-05,0.00852576356038,-0.000155769222633,-0.000237979872473,0.0108268402048,-1.90065395907e-05,0.000349593423639,0.00721543184131,-0.000326228431376,0.0903827041227,0.0108082610989,-0.000127789196973,0.108193635548,-0.000141923649313,0.0184248417463,0.0376048206383,0.016062006704,0.00674333235205,0.0374557974371,0.0646498348028,-9.88811253345e-06,0.0186069389452,0.0349260362883,-0.000671598484505,0.0457153775227,0.0504804737034,0.0675878062002,0.00416549034499
0.017623420931,0.000896923616346,0.000408362426612,0.000114344352397,0.000112367307534,0.000647837256858,0.00555418441611,0.000273178540055,0.00091260389546,0.000132738824325,0.000222137480432,0.000361525795015,0.00225253535838,0.00069225210908,7.00834624664e-05,-2.15586849992e-05,1.78202027036e-05,-0.000101179051717,8.35462754335e-05,0.000175952818789,-0.000180398008714,0.000149123122928,0.000134777664409,0.000484123169338,-3.94394843199e-05,3.92404526729e-05,7.50816578671e-07,0.000250600220398,0.000630548275175,3.75252177309e-05,-9.00347504817e-05,1.06043401633e-05,-0.000114964014248,0.000218686699625,-0.00021430304219,-0.000283294577601
0.0403023064299,0.0650464203454,-0.000293610223652,-6.42351046952e-05,0.000291009063461,0.0565255928218,8.23743765604e-05,-8.89190581807e-05,-0.000543532300734,9.20179994948e-05,0.000281992414272,-0.000242374950327,0.13344555105,0.000441101105402,-0.000366870121032,0.000132070645458,-0.000160295239409,-1.76871668295e-05,0.024946657946,0.000243051890057,-0.000245354326489,-1.30432810394e-05,2.56046149232e-05,0.0509808259418,0.00019724126318,4.5146364702e-05,-0.000197515616228,0.167360323931,-1.93163014077e-05,-0.000124202679152,0.0863359382198,-8.67544582452e-05,-0.000124633999347,0.0283610394015,0.0385915296523,-8.02751336048e-05
-0.000639667907274,0.0675087042072,0.000226978014854,-0.00108098551794,-0.000248165596153,0.000289795889691,-6.00961289294e-05,4.63070689951e-05,-0.000471758331209,-0.000119002005433,-0.000231099828964,0.128971494259,0.023459445504,-0.000181575960991,-0.000499715365543,-0.000163597717689,-0.000577998590371,-0.000210275795192,0.019617717741,-0.000369998158292,-0.0010757428563,0.000108717850543,-0.000378511732061,0.0932949732712,5.98461510001e-05,0.0560631330878,-0.000104454044437,0.0686222523146,4.01378711292e-05,4.84887998723e-06,0.0737883489354,-6.54296720252e-05,-0.000188754206746,-0.00034093879774,-4.62800210921e-05,-6.95703048306e-05
0.0622886842453,-0.000276694670274,0.0316459552737,0.0352630128623,0.00187010273072,0.201379312459,0.0242964149852,0.0243364337711,0.0169605801132,0.0760982107975,0.0521969280359,0.050347921843,0.235145334063,0.0279193707222,0.0222442181124,0.00525622389638,1.15991847952e-05,0.00158604034426,0.00041952010788,-0.000472341704674,-0.000102391508778,0.00508124272897,0.0402137510762,0.0700056001489,0.00522535728628,0.010901328039,0.00149886768525,0.0616662614707,-0.000208012149053,-0.000171012162255,0.0980058064177,0.00183402411628,0.0538054058306,0.0114800935922,0.0633339408524,1.24384757211e-06
3.50432403667e-05,0.00484892537441,-0.000144974421734,4.12231697605e-06,0.00457993112919,0.00535227861535,0.00887524820279,0.00450734220395,-0.000207418627645,-0.000230513076512,-0.000539602832285,-0.00013782212391,0.00555732660935,0.00015892525053,3.5750104546e-05,-0.00019770832685,-0.000298227592737,-0.000176125003183,-0.000465903985443,0.000210740367986,-0.000579272914461,-0.000186560360769,0.000224793360404,-1.59894155587e-06,0.000426791383546,-0.000224612401548,-0.00023202579494,0.00555631030897,-0.000104900967105,-8.32238487915e-05,0.00602561258635,0.000209236259024,-1.757437806e-05,0.000430358617777,-6.45416168564e-06,0.000205671440757
0.00448632724531,0.0388348529583,0.0344770086316,0.00422773163148,0.0216157559002,0.0784374348093,0.0232809814951,0.0304587615603,0.000103188699269,0.00141684607552,-0.000692330900916,0.00506545921645,0.00443094822303,0.00977129793527,0.038215319431,0.000220988512455,-0.000414897430709,0.00531910918206,-0.000310738563672,-0.000174190562701,0.0376577602539,0.00135260577962,0.00173408116669,0.0184035227284,0.0221995398148,0.015381469565,0.00539848153969,0.00361644188686,0.00152491058802,0.0008984117206,0.0192978018312,0.0442555202548,0.0119353435476,0.100614723838,0.0658203419608,0.0179855531047
0.104244243351,3.21829205346e-05,-0.000212348738284,0.000191765227116,-0.000126637581179,0.0405469767373,-4.39005916218e-05,-0.000469866723888,0.0653733820756,0.00239749777389,0.00243222028798,0.1654360589,0.202451794443,0.00449300897316,0.0044393237761,3.8060548148e-05,-7.33135208737e-05,-0.000153990358393,0.114247565523,4.82777622889e-05,6.1547718981e-05,2.11431734636e-05,0.000130189350392,0.000220106164952,-0.000209883601342,0.000375349926496,-0.000486067208682,0.00950749834728,0.0276545869466,-4.78768865032e-05,0.0189402500748,6.9580408395e-05,-9.96465681999e-05,0.00969646877799,-0.000102358675505,-4.90692845992e-05
2.97726224722e-05,-0.000549248823803,-0.000609622072119,-0.000894814127893,-0.000397099096324,0.0082978165625,0.000357814952913,0.000283803957493,-0.000134869334632,0.000163999483674,-0.000415593939653,-0.000294823230914,0.006356299237,0.000168413768143,0.000230800249285,-0.000216121545582,-0.000418860934888,-0.000494250719149,0.0325806649559,-4.40448340359e-05,-0.000455652301248,-0.000322860327245,-0.000609651910544,0.049780087201,-0.000280462972529,-0.000250366809702,-0.000120401108594,0.00826379494066,0.0152480632429,0.000196722803184,0.00364089316287,0.0174851980413,-0.000293347955837,0.0614178506412,0.00333189431695,0.0472999110988
0.0243775926089,0.0650082918364,0.0212104924656,0.000166051053945,0.0177326736964,0.0946539426975,0.0364749838701,4.16238910454e-05,0.127568806174,-0.000140677060315,9.37011813664e-05,1.69769609606e-05,0.00603805063193,-0.000366060085616,0.00317523862135,0.071891365119,0.000389151067675,3.44997724366e-05,0.0480096526324,0.123671755283,0.000119924665362,-0.000129628460444,-8.48923349509e-05,0.0210374809887,0.000447697817952,0.0174329654138,0.000138123699834,0.0129052007746,-5.62984068727e-05,-0.000433599023137,-0.000143121836446,-0.000236931331707,0.000507251500473,0.000324697285075,0.0101569629389,-0.000415149878054
0.00159987928558,0.00437786053916,0.00969180571276,0.0653598913451,0.020752574855,0.0797411543293,0.00313679520701,0.000732598304629,-8.88105705686e-06,0.000194521942553,0.116314553604,9.4663267992e-05,0.000138699249717,0.000427873809009,-5.1871193147e-05,0.000956997112566,0.000219883897327,0.000166194479703,0.0210062255415,0.000795144903273,0.000120171896803,0.000109035902223,-0.000121594363651,0.0306496011096,0.0525155799144,0.000353708227066,0.11990165894,0.138093338251,0.104540595539,0.000110327705947,0.0235619465384,0.000335269361776,-0.000194276668581,0.000385957854223,0.0143275375173,3.97541289659e-05
0.0419826723273,0.000607133935353,-9.48670125376e-05,0.0104724989149,0.0443519179436,0.023727129301,-7.8687126002e-05,0.00221280369504,-0.00022219403424,-0.000293428788024,-0.000180026246639,0.0002302041445,0.000257908269763,-0.000118291643212,-0.000228559373408,-0.000294243865928,1.90725463506e-05,-0.000132015103915,6.35702944171e-05,-3.18701474939e-05,-7.41123114723e-05,-0.000264528038228,0.000151345054881,-0.000301231154188,-0.000421915094846,-0.000206179258302,7.47735376932e-05,-0.000144373547459,-0.000431388340163,-0.000412673279396,8.4319366283e-05,-0.000459120403351,-0.000501313410126,-0.000224178334908,-6.60877551536e-05,-0.000221647434543
0.00367896144359,0.0301668808439,0.00033933106622,0.00314561553528,0.000140793535419,0.0517904490984,0.0134740902915,0.00496630243741,6.61402976628e-05,0.000213004651417,5.64458730361e-05,-9.52360973339e-05,0.0173376941783,0.000342441369457,8.80005223476e-05,-7.50401983555e-05,0.000236388861979,-0.000423591004938,0.0180583662743,0.00953383708253,-0.000164182106956,0.00026738582302,-0.000124961276545,0.0526541354895,0.000396599852851,8.43953677132e-05,-0.000143855842897,0.0466492847874,0.000234363815955,-0.000192964119958,0.101574998868,0.000356608035066,-0.000283332555293,0.0621902004912,0.0345761568658,0.000380184473298
0.00235592859106,0.000106706969636,-0.000105090063097,-0.00038530828143,0.0193975615597,0.029663230972,-0.000161108753736,-4.23105177545e-05,0.00328727951827,0.003347805851,0.0208875773339,0.047797292717,0.0588298080154,0.00323382781286,0.0152495180924,0.000167903073653,0.00895466649325,0.0127273027626,0.0117567569656,0.000285154865397,-6.6379578093e-05,0.0267542165667,0.0143674278945,0.0405456067536,-0.000120178816631,0.02171966336,0.00955678763857,0.057395233608,0.0233404352558,0.00839754334765,0.0523515315513,0.00901592318876,0.0103408607093,0.0486452957567,0.0340622011323,-0.000179189879884
0.0239415214024,0.023383283854,-0.000124714924027,-4.18599220964e-05,9.35098048352e-05,0.188579530248,0.0035625407641,-0.000118807780421,0.0350252556944,0.0184381691576,0.00240733628958,0.000114031922241,0.106577295578,0.00491547373252,0.01574395877,0.00705141077886,0.00800774827114,0.00463556167713,0.11153407346,0.004909101628,0.0079661502488,0.000302460459704,6.11413631487e-05,0.0215218424393,-7.31210140117e-05,5.9499772622e-05,1.72658321631e-05,0.0423601749221,9.32288192925e-05,-1.86836650153e-06,0.0341804963619,0.000300484581192,-0.000190270407953,0.0964147016751,0.0242471127661,6.72997710076e-06
0.000284172577628,0.000755617985317,0.000668755586551,-1.11915938997e-05,0.000161089755435,0.0618740792027,0.00027608024418,0.000518288542719,9.06268122252e-05,2.86540804282e-07,-0.000334021978996,0.0276472112217,0.0230948257673,-1.26066425939e-05,0.00179915046546,0.000216876114242,0.000224964697026,0.013912301745,0.01954889087,-1.55581003707e-05,-8.43114445273e-05,-2.94930741392e-06,-0.000375077100767,0.0396572148801,3.1689413844e-05,0.000250280550888,0.000303364306055,0.0288681082048,0.000162481987135,0.000273604478446,0.018315054479,0.0177507565213,0.0691870254541,0.0171585805822,0.0271602147094,5.8125026467e-05
0.0710420508075,0.0849019821248,0.0192608119078,0.0208874053452,0.115162661164,0.210551317369,0.0247577987112,0.0140864070427,7.92832010548e-05,-0.000544732520401,-0.000429558639025,-0.000525068369354,0.0117237991757,-4.56130133195e-05,-2.00057243705e-05,-0.000260414433788,-0.00019979566195,-0.000263990586522,0.113889645178,-0.000233955443314,-0.000103190610903,-0.000193896501124,-0.000476285876892,0.0234760575981,-0.000416325422518,4.88428075548e-05,5.41916395955e-06,0.0261886013201,-0.000281550442435,-0.000455229853414,0.11362506365,-0.000217180775756,-0.000522190473147,0.0115786860775,0.0231507152199,5.90267345199e-05
0.00785143329046,0.0351035576057,0.0757244434831,0.0115226870382,0.0109209932305,0.02573987239,0.0201937179241,0.00815237458419,-0.000316930943804,0.0402464589896,-5.11159390267e-05,5.74398046417e-05,-0.000602893959924,1.89432909546e-05,0.000170750482347,0.0985512928294,-0.000256667750587,-3.12601138689e-05,-6.56218522622e-06,0.00233965683406,-0.000177352157558,0.0355072346108,0.0610588892922,0.052057830245,0.0338836896789,0.0643319908907,0.000129652034331,-8.57275368253e-05,1.50181215134e-05,0.000101254081873,0.000131985974909,5.40386262664e-05,0.000244069258926,-9.02255491924e-05,-5.57832777858e-05,9.50769093162e-05
0.000276222751021,0.0437480836096,-3.17416819684e-05,0.0018213143785,0.0157533711641,0.200044445938,-0.000299061918994,0.0200920325533,-0.000590019012482,0.000240294222838,-0.000203293249544,0.0140602480027,0.0373581855015,0.000423594302247,0.000258202086935,0.00443761223375,0.00452155879066,0.00881074845088,0.0501576530925,-0.000431783524197,-0.00069362097967,4.56321142121e-05,-0.0001927913006,0.0295668603257,-2.04975182061e-05,0.00443192223239,0.0144294771582,0.021925420503,-0.00017312343634,0.004022001997,0.0504306873449,0.00838201176706,0.0143985536948,0.0549796962266,0.0645454091714,0.0222580985088
0.0191067979702,0.0538541671105,0.019328239101,0.0428983934107,0.0577815593851,0.0698574647443,0.0291207840754,0.0363793011055,-1.12162964684e-05,-6.28591507976e-05,-0.000187283677883,0.000154796422465,0.0649191463809,0.000253058691359,3.71352973252e-05,-9.58459233953e-07,1.37778379506e-05,-0.000119170266804,0.0374530151746,5.02979479839e-05,-0.000249343422646,-8.27160400046e-05,7.27932031792e-05,0.000995945943051,0.000240869352082,0.000142168849387,0.000399918319577,0.009086699149,3.10915171771e-05,-2.19903270838e-05,0.134071084198,8.19288228896e-05,-0.000302029174507,0.00637071149087,0.0267865221168,3.01389664971e-05
0.00154348792801,0.000468368070609,0.000375978876619,-0.000150161402507,0.00025046100673,0.00817821792746,0.0201879037155,0.000747381714165,-6.86653977445e-05,-0.000390567351849,-0.000238959647044,2.94309878746e-05,-0.000133588582048,-0.000123195522136,8.15469011948e-05,-0.000801624721127,-0.000197757648412,0.000166619816649,-0.000433967068162,-0.000402805838502,-0.000150826202737,-3.50302828224e-05,7.00841249916e-05,-0.000523390158966,0.0156886349826,-0.000443116157207,4.38310068204e-05,-0.000350639051378,-0.000519240102792,-0.000234573842773,-0.000429458649335,0.0665316280326,0.000179199553458,0.00035336055645,-0.00011418599294,-6.15914031564e-05
-0.00038766791102,-0.000307600022473,-0.00013652745888,-0.000195988871309,-0.000372593674753,0.136970168141,-0.000550755756958,-0.000217361232636,0.000117316926185,-5.43707594636e-05,0.00029087819511,-0.000203951778383,0.0189932313393,2.19267718305e-05,-0.000463164689314,0.000183059867427,0.000300119142804,0.000166287450769,-8.01667363583e-05,-0.00018105553922,7.12597912289e-05,0.000258312943008,0.000199177170459,0.0338262776033,0.00012317961346,0.000158151039676,0.000278570567594,0.117995296353,0.00037897162796,0.000162936620289,4.31425494237e-06,6.51996652646e-05,4.53045126055e-05,-3.45834507825e-05,0.0555694429107,-7.58051944198e-05
5.50755148536e-05,0.000252068194371,0.000452675324714,0.13509194199,0.0965118661881,0.082433702525,-1.63405718306e-05,-0.000123855847315,0.000172308367054,-0.000289666765724,0.0854927110711,0.0926411151469,0.198456373769,0.000291354733491,0.000289476103119,-0.000370240594861,9.81113526862e-05,0.030746494174,-0.000168841161573,5.43009596026e-05,-6.4937054571e-05,2.2946343279e-05,-0.000437423681781,0.0074944863327,-0.000197368500617,-0.000203225710941,5.11653134248e-05,9.51571662626e-05,-2.24159056607e-05,-0.000232498610983,0.0101165794342,0.000244461369977,0.00027988460742,0.00014567073633,0.00580167935486,-6.06266479691e-05
-3.23067123447e-05,-0.000126814478037,-0.000191047107219,0.0456054385534,-0.000212793326621,0.071393500986,-0.000293533457324,-0.000208009999514,0.0587158196712,-0.000143470820121,-0.000459174759083,-0.000364883303086,0.0156607314123,-0.000594248141126,0.000160042593516,0.0122724598706,0.0127355461228,0.00203911445498,0.0565820503592,0.0112314796847,0.00990865908574,-1.43321905811e-06,0.000187282859281,0.0178335008206,9.9017546961e-05,0.000311839005831,8.276725971e-05,0.0247360128647,-0.000232608555173,2.6720020208e-05,0.0102303389273,-6.32090565277e-05,0.000111306215645,0.0161484930407,0.0196458282139,0.000100005248287
0.056647764339,0.0728733030263,0.0253793638402,0.0168326611631,0.126934273324,0.0577883123286,0.0500173668411,0.280041143691,0.0311374254241,0.000490076204769,-0.000684999850601,0.000361895168481,0.016302556905,-0.000181209457921,-0.0008552747105,0.0152287491774,0.0139137097389,0.0166145250797,0.111169670538,0.0493261598516,0.139909207398,0.000547202682635,0.000425540470724,0.0187422751173,-0.000673044847703,0.0798017715372,4.55858752297e-05,0.00176564665064,-0.000176700435481,-0.000116644149051,0.0017090015647,-0.00048060235995,0.000102567211776,0.0269598813993,0.00182080787495,0.0818155734023
0.025176508877,0.0116100708488,0.0965177904282,0.0759057874024,0.0162527172574,0.104939908337,0.0895587971355,0.0118523103683,0.174804557419,0.361644944911,0.0714968797578,0.103121107504,0.0494850389666,0.197181099326,0.000252380012917,0.0484801498764,0.000198925796433,0.000264768498424,0.00240425015007,1.02210708974e-05,0.000114988808238,0.133593322255,0.0520999780148,0.0567707565583,0.0532274086489,0.0624456474826,-4.4319177924e-05,0.0133362936855,0.0636880887474,-0.000285078952258,0.00360735916827,4.7463514001e-05,0.000305647776251,0.00283130453571,0.016710859871,0.000173170345891
-0.000159385551574,0.130227483717,0.00127958619639,-0.000348508690217,0.000897123571526,0.0820587061575,-0.000518344853403,0.0201013084448,-0.000496458361019,-0.000208493322799,-0.000327400973991,-0.000356729314464,0.0102036356566,-0.000109003497214,-9.26346143161e-05,-0.000316027783169,-0.000131643099667,-0.000499827967822,0.0085228585425,-0.000248413727031,8.68508950916e-05,-6.74829628148e-05,-9.20358447097e-05,0.00921295251479,-5.76567120301e-05,0.000432187562652,-4.84379420952e-05,0.0104305516669,-0.000333561130444,0.000156484240802,0.014165937637,1.27169651534e-05,-8.27516834762e-05,0.0106924351199,0.0557943602453,-0.000146337592407
0.000374776435562,0.000104521705778,0.00725878844464,0.00744351651799,0.000474403952175,0.0255974427936,0.00231726320576,0.0554960118931,5.41544923151e-05,-4.70338598096e-05,0.222534373216,0.000248365826623,0.00992982833687,-2.31827040861e-05,0.0124562411727,0.00828439280486,0.0838802560401,5.69969476493e-05,0.0119120010872,0.000501583494556,0.0372920221826,0.277858123028,-0.000208340390567,0.0140494498655,-0.000131968605603,0.0164259641208,9.83507771114e-06,0.146233560413,0.00330839371873,0.0373304317444,0.00719527703576,2.78573248356e-06,0.0119569726928,-0.000576711103747,0.040444130857,0.0290299924201
0.000191414085487,0.0169628358222,0.0170129258649,0.00944030110735,0.139255761141,0.125087599694,0.00942276296533,9.29925241105e-05,-0.000247121353436,0.0365840128526,3.45325273007e-05,0.0359992079518,0.19204113658,3.43187183292e-05,-0.000232005649301,-0.000266056705158,-3.38092137822e-05,0.0478385632201,0.135858660317,-4.3644104358e-05,0.000273155101044,-0.000178828045685,0.0730127841102,0.172078379777,-0.00014339725613,-0.000553876458859,0.0124978806927,0.137834721345,-0.000199659291979,0.00015810759319,0.027403193721,0.0171234593659,0.0378744306962,0.119548195076,0.131302814596,-4.98979392758e-06
0.0207457138932,0.074427751173,0.00431720081525,0.0249581194495,0.116875483682,0.11798118963,0.0309049835025,0.08953502415,-0.000163797073251,-0.000104133359328,-0.00018514951718,0.00317881655056,-0.00024954831823,0.00722897686551,0.00141397453425,-0.000143121858998,7.95300925644e-05,0.000294344177502,0.128562244536,0.0657910919164,0.00177421504179,-0.000125893421251,-0.000120336949929,-0.000471365634815,0.00719594660885,-0.000256519216651,-3.73747017951e-05,0.000798224094219,0.00742102337158,0.00145876717973,0.167910634633,0.0203632069055,0.00790483066774,0.0976648196855,0.10765239951,0.00788209540483
0.000363770663264,-2.15921430702e-05,0.000175445949443,0.000120605648134,4.07800443019e-05,3.59330760475e-05,0.000189445681577,0.000265392798352,0.000139953880969,-7.02875458446e-05,2.77147543021e-05,7.11409778259e-05,6.92314456346e-05,-0.000238493182911,0.000257504191935,0.000404767311947,0.0024548199358,0.00027952870628,-0.000105331563229,-1.13190079239e-06,0.00170357505883,0.000403357623064,0.000190731697396,0.000267912981245,-7.83029335163e-05,0.000359640678714,0.0002628192125,5.39922969698e-05,-0.000516103968261,0.0178375217598,-9.35760265043e-05,-2.05479332497e-05,0.000163094492736,0.000132101653572,0.00478099008355,0.0269202315679
7.83792259301e-05,-0.000273809584673,-6.86247720036e-05,-0.000509310386512,-0.000141153755107,0.0591980312353,-0.000698267348247,-0.000203528333828,0.000257136578302,-5.19500804e-05,0.00046702594278,0.0868165901403,0.0346465198927,-0.000340723475738,5.49129587401e-05,-0.000435572702445,0.000189825274345,-1.03665012599e-05,0.000364847902001,-5.70654517822e-05,-6.86256555679e-05,1.24014109496e-05,0.000625416094586,0.0562258794912,-0.000636387567444,0.000234022828139,2.08456049164e-05,0.0440596696098,-9.97684728571e-05,0.000118794913575,0.0155026696287,1.97083309037e-05,-0.000163771206531,-9.36196679086e-05,0.0273800283558,6.45258696051e-05
0.151261907535,0.0216276150592,0.0651624701535,0.00532571030731,0.12430003229,0.106325815289,0.177502065412,0.00903627910714,0.0517529758167,0.142340695041,0.0186228256691,0.035391318684,0.0642523074719,0.128403920187,0.0560836968548,0.062680639575,0.000700374840938,-0.000111766061614,0.00771539005799,0.0197793027949,-0.000225336053029,0.0351066704473,0.0181701765853,0.0761616984472,0.0732071147484,0.0430636819468,-7.79887998666e-05,0.0130319574354,0.0105845443549,-0.00022720616765,0.0100401389065,-0.000811541124423,4.65182874161e-05,0.0276355276428,0.0143181274588,0.0104849125134
0.0145903490908,0.00906035421255,-0.000187537400179,0.0626261972746,0.000449688408764,0.0636122194148,0.00883813725706,0.00785791546484,-0.000248027557408,-0.000229498633367,0.0782911597806,-0.000102010545244,0.0322169894965,-0.000126602030287,-0.000559207734495,-0.000204567601128,0.0222900824812,-0.000214404692853,0.0293757650361,-0.000166068229368,3.01905750437e-05,0.000198482109923,0.000144638740622,0.0420431231864,-0.000738778653258,-0.000451935684126,0.0134598314389,0.106428003117,-0.00013925020352,0.0177724838973,0.0586035205052,0.000107189651211,-2.65360859186e-05,0.0344978070572,0.0996460901346,-0.000397878999144
-3.28986741226e-05,-0.000207241852836,0.0647032707595,-0.000302796397344,0.131335793688,0.120086316349,0.00334329343191,0.0119014203337,0.000113731784249,0.0901269085007,0.000154356196075,-0.000140086256868,0.0655466688352,-2.49093200422e-05,-0.000204530463345,0.115524601283,0.000106171540308,-0.000205554581369,-0.000276889502314,0.000456657910912,-0.000332074159087,0.0439470171322,0.00631164699086,0.135071696713,0.00688605495254,0.0218031657363,3.38254066484e-05,0.0478764118946,8.38862997104e-05,-0.000143348383761,9.12031440411e-05,-7.87969062615e-06,-0.000234088963055,-3.2849200857e-05,0.00613371101722,-2.41697652227e-05
-6.09345640848e-05,0.00023321515345,0.000111378976016,0.000314300016679,7.01873193455e-05,0.0140890941579,-1.0726213881e-06,-0.000180777599456,-2.10730593077e-06,7.84871769233e-05,-8.5871834856e-05,-0.000150013626689,0.0120259413987,-6.37943883352e-05,-8.12713038902e-05,0.000116482830025,0.000674404746701,0.000675690818911,0.0121143260153,0.0159934827683,5.12477855712e-05,-0.000388305337711,9.85501613624e-05,0.0207407310921,-0.00018731342687,0.0153758472703,0.0100338227075,0.0111275897745,0.00261964352177,-0.000176512216048,0.0183553949864,0.000476669658027,0.000136816520322,0.0105213944554,0.0138704991531,-2.01980834199e-05
0.0104184305953,0.0607207418107,0.0592735641408,-0.000250159129713,0.0605242033742,0.105643840695,5.98467909836e-06,0.052637194162,0.0199199514895,0.000241472421745,-0.000153517035613,0.000196906018664,0.0494435379185,8.56346436703e-05,0.000277577374205,0.0621808653916,0.0242802778788,0.0269313140754,0.118561163359,0.000189650282062,0.0291527374517,0.000217030065491,0.000224794919343,0.0101641000429,0.000139011307365,0.000716224324024,7.75012355189e-05,0.0424800577105,4.26382100465e-05,0.000158930079534,0.0202863365806,0.000166663198164,0.000390371814893,0.0184924581977,0.0895334381845,9.5359512189e-05
0.00341141305977,0.0706016685837,0.0709232797038,0.118965212613,0.0437645365348,0.149355083702,0.00334247573013,0.0424807699747,-0.000539115178643,0.000141255626356,0.000712355069138,-0.000229131054168,0.0333752602866,0.000180769725745,-0.000178840221241,0.00126181389621,-0.000346032569026,-0.000364767350175,0.0162119920393,-0.000283715771684,-0.0003819403981,0.00142055038508,0.00247535568696,0.0297081582761,0.000681104964797,0.00183563209673,-0.000171195236188,0.00123086789511,1.29906821137e-05,4.56009662531e-05,0.019569544261,-0.000274965315398,-0.000270504668477,0.00184511437368,0.0147969143144,-0.000235122137215
0.00026426087408,-0.000395331024526,-0.000187454637546,0.000324679469598,-0.000114833269152,0.0289482588711,-0.000412095547827,-8.8024945139e-05,-1.6041802683e-05,2.12700320214e-05,-0.000217315573349,-0.000291689708432,0.0132850347133,0.000126055040301,0.00010080730338,0.000103574141553,-7.30572890808e-05,-0.000106750201649,0.0824557878381,-0.00042255483183,-0.000273412269391,0.000187256352964,-0.000558401103236,8.04492326079e-05,-0.000537687377987,0.000180879429656,0.000122925893495,-0.000585502712161,-0.000541877882485,-2.85751226293e-05,-0.000396526726416,0.000141150347205,-0.000212984085794,0.0105592882394,0.000144397558731,0.000137290428142
0.013883913429,-0.000119139245464,0.000104201258919,-0.000337449146911,0.0186259374519,0.149412909306,0.0821300360268,-0.000450203289836,0.0268286360146,0.075647731375,0.00778432140887,0.193488999552,0.131934841463,0.115186534104,-3.70614034355e-05,-0.000133143205701,-0.000244994631833,0.0551232635551,0.0160967451753,-0.000120390246738,-0.000246764567007,-0.000133382044712,0.0388643335099,0.0159157999652,0.0737028266379,-0.0004800723277,0.117477588403,0.0396280178598,-0.000116165315571,8.14875403124e-05,0.185475611886,0.0263305297712,0.0376833734738,0.0294249034994,0.0160623660015,-1.27866792602e-05
-0.00103728462386,-0.000610781254124,-0.000924633999514,-0.000950886212638,0.0660730955916,0.119849484646,-0.000520374576275,0.000233526591023,3.85954595644e-06,0.000174566374325,-3.30561561801e-05,0.0123421083941,0.0688667535559,0.000105900836444,0.000414728194633,2.24707686017e-05,-7.2120706206e-05,5.19974805266e-05,-0.000147321081867,-8.79982838073e-05,-2.27175440619e-05,-1.41294145314e-05,0.0310966303657,-0.000889574690784,0.000185788052882,-0.000242007102509,-2.09969780854e-05,-0.000107545561307,0.000146777191362,-4.00292834614e-05,-0.000447061072894,-0.000134622597539,0.000246626116199,-0.000299606119821,-0.000209543736921,0.000329607242941
0.000125776368058,0.0142860403513,0.000155623236242,-2.35196287633e-05,0.0716922368328,0.0869842985389,0.00015774864714,-0.000153775826375,0.00657351699938,-9.56379143177e-05,-0.000285216308492,-2.61769167416e-05,0.0148019918953,3.73912014351e-05,-1.45685161733e-05,0.0049768363964,0.0217097764414,0.00614247085676,0.0500250255593,0.00517146519023,0.0100225325332,6.11554585347e-06,-0.000258275801007,0.0204154305497,0.000155767440228,-0.000335673169375,-0.00052988737296,0.0228719555691,-0.000349605664874,-0.000262291549346,0.055978440383,0.000639516015403,-0.000196801972949,0.0136418065582,0.0554608011112,-0.000258144613836
4.36974812651e-05,4.71612872067e-05,0.000226808836789,-0.000154837554789,0.000388043268077,0.0399533786386,0.0150735028163,0.037338594885,-0.000235238858009,0.000166585124543,3.04736174947e-05,7.30994230591e-05,0.00392751761209,0.000272151376719,0.0531785205219,0.000192378478592,0.000130980648966,0.0196270619662,0.000136074826244,-0.00028244746917,0.0850093805763,-9.99162150983e-05,4.1992637379e-05,0.007621322608,-0.000175461522711,0.0824051940614,6.05426423459e-05,-0.000199961754505,4.72310524439e-05,0.0415203224859,0.0264819429512,-7.32933077178e-05,0.0463479075029,0.0240857055616,0.115906166732,0.0740662861653
-0.00080035099655,-0.00149888707511,0.089777676466,-0.000549204202623,-0.000152935858569,0.0873795211532,0.0795034289646,0.109647191699,0.0258821827938,0.107760943567,-0.000168656009908,-0.000372723107449,0.0614909159408,-0.000110585886026,0.0134432064949,0.0711457954434,0.0224423019744,-0.000678715338448,0.0436923770895,-0.000503541445186,-0.000881233076937,0.0572276531533,0.012911287915,0.124468905843,0.112435097771,0.0296215180972,0.00089604199423,0.00728245695587,0.000248015939561,0.0220386442491,-0.000135183483754,-6.51607703095e-05,0.0128668988884,0.00083003723099,0.0699717261493,0.0131976378346
-0.000157124021961,0.0971053500052,5.94583637435e-05,0.000232506339016,-0.000298448341436,-0.000802266139417,-7.54534622206e-05,-2.70005311314e-05,-5.89636064501e-05,-0.000137165315508,2.3109307727e-06,-7.84480421071e-06,-7.67136814318e-05,4.13463924542e-06,-0.000197985032161,4.9819421106e-06,-2.9966289907e-05,0.000108699223182,-0.000586696783244,-0.000203171470445,-0.000258879419571,0.00985714484866,-0.000133159364059,-0.000439047224083,0.00476161749405,0.0610147400793,0.0001004235349,-0.000171499019183,-0.0001730074979,-0.000189742944459,-0.000345530116252,-6.09186047363e-06,0.000242710820647,-0.000236293322736,0.0778778656895,0.0186646147614
0.000332450006852,0.00048519621817,1.56707774302e-05,0.000335978255878,0.0822748459202,0.0933751890575,0.000474547505076,0.000323181669373,0.015118272821,0.000190938557699,0.000304697940502,-5.45606935943e-05,0.103303247377,0.00871570180843,-4.13356159553e-05,0.003701398423,0.0141877390715,0.000214258943221,0.00684685208243,0.0203281352855,2.75558460654e-06,0.000106661175775,-0.000320573691114,0.00469578115143,0.000192401423767,-3.6302579465e-05,1.09336528003e-05,0.0357105154101,-0.000106212255706,0.000130569678936,0.0455046561712,0.000129778178158,0.000141970165941,0.0029325231659,0.000508082791852,0.00445587858863
0.00654097590617,0.00628441933986,0.00600680359334,0.00652026480703,0.11263638366,0.251454389315,0.158426093466,0.0130916575728,1.3440493054e-05,1.94423577339e-05,3.59635945728e-05,0.181651263753,0.017160629074,0.0308858705757,6.08865765512e-05,-0.000115247402779,5.13610198136e-05,0.0470819840924,0.0198611721057,0.029787432698,-0.000308339403503,-1.49479134104e-05,0.0733935296386,0.00788157985094,0.0205895718363,-0.00023063275157,0.0777174301544,0.0124943980576,0.0599667769574,0.000139420589638,0.241386690471,0.351741088274,0.109624655191,0.0632488456002,0.0129456414769,0.0201090578139
0.00667652643262,0.00710380396652,2.89402655533e-05,-0.000744817935861,0.00972562450979,0.175215770489,0.000919029733064,0.00742868785808,0.00025622774115,0.0626300098924,2.31108134082e-05,0.177233905543,0.105531495417,0.000532430530117,8.02306447249e-05,5.74773130352e-05,-9.42036762824e-05,-0.000362460960192,0.0172841750304,4.25960203172e-05,0.000635976719214,2.14035587296e-05,0.17835166939,0.0500736390102,-9.29966228094e-05,2.9631222732e-05,-5.60837844533e-05,0.0373642781385,1.382156857e-05,-0.000456524200781,0.0694005331398,0.171817240923,0.124099773106,0.0234075817404,0.0262392622883,-0.000288051123931
7.07705887099e-05,0.00026504365476,0.0516081625433,0.042019688566,0.000331115519618,0.134215907199,0.000160158429352,0.0704889356788,0.000480001008124,-2.80466919952e-05,-0.000211365440144,0.000207108265145,8.0731164996e-06,0.000335136880353,-0.000237547368031,0.00155952219709,4.29134408391e-06,-8.76518789869e-05,-0.000497496891024,0.000148270173827,0.00250327144362,0.00014268012424,6.90368377653e-05,0.0129474876243,-1.0376961712e-05,0.000233984762104,0.000335139460809,0.000157402558482,0.000438988178012,0.0827557101471,-0.000119467021957,-5.51889773772e-05,-0.000214349995579,-0.000176929834828,0.0608017050977,-0.000255713270388
0.0599530911497,0.000425681245664,0.000182606971038,0.0287093547838,0.00255996553675,0.0284824309355,0.0217974527281,0.0107661227686,0.00153950870405,0.00209886438597,0.0196016535722,0.016319784323,0.0338026492106,0.000122225092494,0.0205787662067,9.36692472975e-05,2.49562893652e-05,0.000137383211473,0.000186367470101,1.58626386048e-06,-1.07290238279e-05,7.07390882258e-05,5.87377389359e-06,0.000200638780575,-0.000163826299232,0.000268582478171,6.58866020293e-05,0.0194770669421,-8.03998137188e-05,0.000629915813241,0.000821684536717,-0.000230367248408,0.000299600195029,0.0501298806557,0.00639679422683,0.0178915285097
0.0241719996699,0.0102754346578,0.0091081437822,0.0112838178501,0.00722392612953,0.115178646457,0.0072454031477,0.00627867851622,-0.000562702269536,-0.000352012427794,-0.000318389704322,0.000163114750263,0.119274593497,-0.000298751023402,0.00017537151353,-0.000121198103253,9.70869760988e-05,1.81702865647e-05,0.0402229297263,-0.000255626141947,-7.56271271487e-05,0.000143407688676,-0.00018693464478,0.0495836263883,-5.85124505851e-05,-0.00022829136074,-0.000323387925481,0.000364769800361,2.73989375966e-05,-0.000185311668044,0.000225219876722,-0.000118465421152,-0.000220010470088,0.0545829451081,0.0318096079368,-0.00010243804017
0.000107080309668,0.000304340288791,7.46648352013e-05,-9.63492578216e-05,0.00466251690457,0.0179267830298,0.000132424649962,0.000149344908506,0.00028960676072,-0.000113303555754,0.022978329231,0.00403792438735,0.0030514226893,0.000373859637679,-0.000278464295621,0.00255111763277,0.0489378425743,0.0148129580196,0.0417802181151,0.00044486368055,-0.000213923683387,0.0362477950658,0.0349006234449,0.00996397294505,-0.000844187661329,0.000125739118797,0.0438444832602,0.0750197591258,0.0151335236503,0.00017167410696,0.163875752318,0.00924581317696,0.0486639216969,0.0030424465329,0.0820923985758,-0.00014165764911
0.0659557005824,0.0384214945068,0.0434734267119,0.0652474101219,0.0276203036721,0.0576401236942,0.0143703578092,0.00437990587408,0.0376623698548,0.0227340485128,2.5686038755e-05,-0.000113100956725,0.0186013232944,-9.76260001931e-05,8.55203239081e-05,0.0201209248241,0.00553714924486,0.00639156773358,0.0145998373434,0.00593716136979,0.00591784726927,-0.000175627179324,-5.44891079829e-05,7.70638771438e-05,-3.47276188116e-05,-0.000154807037714,-7.24814646577e-05,-5.36257101498e-05,0.000123842562648,3.4862472826e-07,1.81826558706e-05,-0.000303552245008,-0.000215706035922,-4.7276745982e-05,-3.92421127199e-05,-6.27065883616e-05
0.0133504819238,0.0589899786338,0.00607033309744,0.0103778673583,0.0145352035344,0.059060959471,0.0106900711611,0.0165707061669,0.166794771918,-0.000135945797897,-0.000352280287243,1.6159231e-05,0.00753924515415,-0.000467328434405,0.000163022624233,0.000216009210475,0.0185968973771,0.0310830736978,0.0382500715742,0.0308788641111,0.021976552625,0.000143344581384,0.000126748437913,-6.94495376008e-05,-0.000184196186682,0.000184546224057,0.000240477700242,0.000139796636174,-1.632392719e-05,-0.00017017739116,0.000349173047912,0.0002674143501,0.000419360860294,-0.000243092721149,0.0426220814004,-4.31733700261e-05
0.00243223212704,0.0448158821676,0.00546328738299,-0.000182097728545,0.00234058201839,0.121843355161,0.00216808648276,0.00885782359379,-0.000267336477475,-0.000228046745079,0.000161516224236,-9.48988058904e-05,0.0139179745028,1.51247476679e-05,0.00017443905818,-0.000283882039201,-0.000237661060029,0.000162480381086,0.0138996135833,-3.81269823003e-05,-0.000271753001445,0.000128515604876,-0.000518901238517,-0.000141878061517,-0.000292576473043,-0.000104071685362,-0.000292083650369,-0.000227431286753,4.33947187177e-06,8.45386449851e-05,0.0141757154135,-0.000290658163425,-5.66236694769e-05,0.013859257075,0.0180284692933,0.000127140638035
0.000174278205836,0.000291187009228,-8.8318549425e-05,-5.65726071719e-05,0.119296870037,0.122737623271,3.94579243578e-05,0.00231503099046,-0.000229375283628,-0.000377067906509,-3.9801931478e-05,1.35022909988e-05,0.00646123217667,-0.000304997273846,0.00991722771462,-0.000342074251572,-0.000487496688799,0.000113980781168,0.00713222534717,-5.48173534692e-05,0.00201062177781,0.00022666706988,0.0605560936142,0.00679993306422,-0.000105334274504,0.0169150132583,0.000135510997151,4.35027295059e-05,-0.000158174845357,-3.20926665361e-06,0.0643684104026,8.48657332455e-05,0.0569155269101,0.00414347399592,0.0285348718213,0.00182319728058
0.000637372142938,-0.000956793412027,-2.46503255885e-05,-1.16607222078e-05,0.000121599414842,0.0155319452417,0.107517253977,-0.00103159688446,-0.0004698212565,-0.000594263357772,-0.000517789316629,-0.000335512973586,0.00217488814043,0.0308670982757,-0.000767380209393,-0.000441466048433,-0.000320330718339,-0.000305279080669,5.16420036954e-05,0.0189762674173,-0.000599100208885,-0.000356902135523,-5.2543073736e-05,0.00168854551845,0.0348785599751,0.00532726911767,-0.000105490856442,0.0008605075846,0.0364703503965,0.000136789412656,0.00349842726544,0.0188972642479,-0.00052097467545,0.117120372267,0.0123553722223,0.0188506655202
